title,type,url
the-science-of-reading-understanding-how-children-learn-to-read,pdf,https://neuhaus.org/the-science-of-reading-understanding-how-children-learn-to-read/
the-science-of-reading-understanding-how-children-learn-to-read,pdf,https://neuhaus.org/the-science-of-reading-understanding-how-children-learn-to-read/
the-science-of-reading-understanding-how-children-learn-to-read,pdf,https://neuhaus.org/the-science-of-reading-understanding-how-children-learn-to-read/
the-science-of-reading-understanding-how-children-learn-to-read,pdf,https://neuhaus.org/the-science-of-reading-understanding-how-children-learn-to-read/
the-science-of-reading-understanding-how-children-learn-to-read,pdf,https://neuhaus.org/the-science-of-reading-understanding-how-children-learn-to-read/
the-science-of-reading-understanding-how-children-learn-to-read,pdf,https://neuhaus.org/the-science-of-reading-understanding-how-children-learn-to-read/
the-science-of-reading-understanding-how-children-learn-to-read,pdf,https://neuhaus.org/the-science-of-reading-understanding-how-children-learn-to-read/
the-science-of-reading-understanding-how-children-learn-to-read,pdf,https://neuhaus.org/the-science-of-reading-understanding-how-children-learn-to-read/
the-science-of-reading-understanding-how-children-learn-to-read,pdf,https://neuhaus.org/the-science-of-reading-understanding-how-children-learn-to-read/
the-science-of-reading-understanding-how-children-learn-to-read,pdf,https://neuhaus.org/the-science-of-reading-understanding-how-children-learn-to-read/
the-science-of-reading-understanding-how-children-learn-to-read,pdf,https://neuhaus.org/the-science-of-reading-understanding-how-children-learn-to-read/